{
    "prodotti": [

        {
            "id": 1,
            "nome": "Nike Air Max 270",
            "categoria": "Sneakers",
            "prezzo": 129.99,
            "taglie_disponibili": ["38", "39", "40", "41", "42", "43", "44", "45"],
            "colori_disponibili": ["Nero", "Bianco", "Grigio", "Blu", "Rosso"],
            "descrizione": "Le Nike Air Max 270 offrono un comfort incredibile grazie all'ammortizzazione Air Max. Ideali per l'uso quotidiano e l'attività sportiva.",
            "immagine": "link_all'immagine.jpg",
            "nuovo_arrivi": true,
            "best_seller": 5
          },
          {
            "id": 2,
            "nome": "Nike React Infinity Run Flyknit",
            "categoria": "Running",
            "prezzo": 159.99,
            "taglie_disponibili": ["38", "39", "40", "41", "42", "43", "44", "45"],
            "colori_disponibili": ["Nero/Giallo", "Grigio/Blu", "Bianco/Rosso", "Verde", "Blu"],
            "descrizione": "Le Nike React Infinity Run Flyknit sono progettate per la massima ammortizzazione e stabilità durante la corsa. Con tomaia in Flyknit per un comfort superiore.",
            "immagine": "link_all'immagine.jpg"
          },
          {
            "id": 3,
            "nome": "Nike Air Force 1",
            "categoria": "Sneakers",
            "prezzo": 109.99,
            "taglie_disponibili": ["38", "39", "40", "41", "42", "43", "44", "45"],
            "colori_disponibili": ["Bianco", "Nero", "Rosso", "Blu", "Grigio"],
            "descrizione": "Le Nike Air Force 1 sono un'icona streetwear, caratterizzate da un design classico e un comfort eccezionale.",
            "immagine": "link_all'immagine.jpg"
          },
          {
            "id": 4,
            "nome": "Nike Air Zoom Pegasus 38",
            "categoria": "Running",
            "prezzo": 119.99,
            "taglie_disponibili": ["38", "39", "40", "41", "42", "43", "44", "45"],
            "colori_disponibili": ["Grigio/Arancione", "Bianco/Nero", "Blu/Verde", "Rosso", "Nero"],
            "descrizione": "Le Nike Air Zoom Pegasus 38 offrono una corsa reattiva e ammortizzata grazie all'unità Zoom Air. Ideali per runner di tutti i livelli.",
            "immagine": "link_all'immagine.jpg"
          },
          {
            "id": 5,
            "nome": "Nike Air Jordan 1 Mid",
            "categoria": "Basket",
            "prezzo": 149.99,
            "taglie_disponibili": ["38", "39", "40", "41", "42", "43", "44", "45"],
            "colori_disponibili": ["Nero/Rosso", "Bianco/Nero", "Blu/Rosso", "Verde", "Rosso/Bianco"],
            "descrizione": "Le Nike Air Jordan 1 Mid sono scarpe da basket iconiche, ispirate al modello originale del 1985. Confortevoli e dal look distintivo.",
            "immagine": "link_all'immagine.jpg"
          },
          {
            "id": 6,
            "nome": "Nike Revolution 5",
            "categoria": "Running",
            "prezzo": 79.99,
            "taglie_disponibili": ["38", "39", "40", "41", "42", "43", "44", "45"],
            "colori_disponibili": ["Nero", "Bianco", "Grigio", "Blu", "Rosso"],
            "descrizione": "Le Nike Revolution 5 sono scarpe leggere e traspiranti, ideali per correre o per l'uso quotidiano. Ottimo rapporto qualità-prezzo.",
            "immagine": "link_all'immagine.jpg"
          },
          {
            "id": 7,
            "nome": "Nike Air Zoom Structure 24",
            "categoria": "Running",
            "prezzo": 129.99,
            "taglie_disponibili": ["38", "39", "40", "41", "42", "43", "44", "45"],
            "colori_disponibili": ["Nero/Grigio", "Bianco/Nero", "Blu", "Rosso", "Verde"],
            "descrizione": "Le Nike Air Zoom Structure 24 sono scarpe da corsa stabili e ammortizzate, ideali per runner che cercano supporto e comfort.",
            "immagine": "link_all'immagine.jpg"
          },
          {
            "id": 8,
            "nome": "Nike Air Max 97",
            "categoria": "Sneakers",
            "prezzo": 179.99,
            "taglie_disponibili": ["38", "39", "40", "41", "42", "43", "44", "45"],
            "colori_disponibili": ["Argento", "Nero", "Oro", "Rosso", "Bianco"],
            "descrizione": "Le Nike Air Max 97 sono sneakers iconiche caratterizzate da un design futuristico e un'ammortizzazione leggendaria.",
            "immagine": "link_all'immagine.jpg"
          },
          {
            "id": 9,
            "nome": "Nike Air Zoom Terra Kiger 7",
            "categoria": "Trail Running",
            "prezzo": 139.99,
            "taglie_disponibili": ["38", "39", "40", "41", "42", "43", "44", "45"],
            "colori_disponibili": ["Nero/Grigio", "Blu", "Verde", "Rosso", "Arancione"],
            "descrizione": "Le Nike Air Zoom Terra Kiger 7 sono progettate per il trail running, offrendo trazione e stabilità su terreni accidentati.",
            "immagine": "link_all'immagine.jpg"
          },
          {
            "id": 10,
            "nome": "Nike Air VaporMax Plus",
            "categoria": "Sneakers",
            "prezzo": 209.99,
            "taglie_disponibili": ["38", "39", "40", "41", "42", "43", "44", "45"],
            "colori_disponibili": ["Nero", "Bianco", "Blu", "Rosso", "Verde"],
            "descrizione": "Le Nike Air VaporMax Plus offrono un'esperienza di corsa leggera e reattiva grazie all'unità VaporMax a tutta lunghezza.",
            "immagine": "link_all'immagine.jpg"
          },
          {
            "id": 11,
            "nome": "Nike Air Max 90",
            "categoria": "Sneakers",
            "prezzo": 119.99,
            "taglie_disponibili": ["38", "39", "40", "41", "42", "43", "44", "45"],
            "colori_disponibili": ["Nero", "Bianco", "Blu", "Rosso", "Grigio"],
            "descrizione": "Le Nike Air Max 90 sono sneakers classiche con dettagli iconici, offrendo comfort e stile per tutti i giorni.",
            "immagine": "link_all'immagine.jpg"
          },
          {
            "id": 12,
            "nome": "Nike Air Zoom Vomero 16",
            "categoria": "Running",
            "prezzo": 149.99,
            "taglie_disponibili": ["38", "39", "40", "41", "42", "43", "44", "45"],
            "colori_disponibili": ["Nero", "Bianco", "Blu", "Rosso", "Verde"],
            "descrizione": "Le Nike Air Zoom Vomero 16 sono scarpe da corsa ammortizzate e reattive, ideali per lunghe distanze e allenamenti intensi.",
            "immagine": "link_all'immagine.jpg"
          },
          {
            "id": 13,
            "nome": "Nike Air Jordan 4 Retro",
            "categoria": "Basket",
            "prezzo": 199.99,
            "taglie_disponibili": ["38", "39", "40", "41", "42", "43", "44", "45"],
            "colori_disponibili": ["Nero/Rosso", "Bianco/Nero", "Blu/Rosso", "Grigio", "Verde"],
            "descrizione": "Le Nike Air Jordan 4 Retro sono scarpe da basket iconiche con dettagli classici e comfort eccezionale.",
            "immagine": "link_all'immagine.jpg"
          },
          {
            "id": 14,
            "nome": "Nike Blazer Mid '77 Vintage",
            "categoria": "Sneakers",
            "prezzo": 99.99,
            "taglie_disponibili": ["38", "39", "40", "41", "42", "43", "44", "45"],
            "colori_disponibili": ["Bianco", "Nero", "Blu", "Rosso", "Grigio"],
            "descrizione": "Le Nike Blazer Mid '77 Vintage sono sneakers retrò con uno stile distintivo e una tomaia in pelle premium.",
            "immagine": "link_all'immagine.jpg"
          },
          {
            "id": 15,
            "nome": "Nike Air Max Excee",
            "categoria": "Sneakers",
            "prezzo": 89.99,
            "taglie_disponibili": ["38", "39", "40", "41", "42", "43", "44", "45"],
            "colori_disponibili": ["Bianco", "Nero", "Blu", "Rosso", "Grigio"],
            "descrizione": "Le Nike Air Max Excee sono ispirate alle iconiche Air Max 90, offrendo comfort e stile in un design moderno.",
            "immagine": "link_all'immagine.jpg"
          },
          {
            "id": 16,
            "nome": "Nike Air Zoom SuperRep 2",
            "categoria": "Training",
            "prezzo": 129.99,
            "taglie_disponibili": ["38", "39", "40", "41", "42", "43", "44", "45"],
            "colori_disponibili": ["Nero", "Bianco", "Blu", "Rosso", "Verde"],
            "descrizione": "Le Nike Air Zoom SuperRep 2 sono scarpe da training con ammortizzazione reattiva e supporto per gli allenamenti più intensi.",
            "immagine": "link_all'immagine.jpg"
          },
          {
            "id": 17,
            "nome": "Nike Air Zoom Freak 3",
            "categoria": "Basket",
            "prezzo": 129.99,
            "taglie_disponibili": ["38", "39", "40", "41", "42", "43", "44", "45"],
            "colori_disponibili": ["Nero/Bianco", "Rosso/Nero", "Blu", "Grigio", "Verde"],
            "descrizione": "Le Nike Air Zoom Freak 3 sono scarpe da basket progettate per la potenza e la velocità di Giannis Antetokounmpo. Massima trazione e stabilità.",
            "immagine": "link_all'immagine.jpg"
          },
          {
            "id": 18,
            "nome": "Nike Renew Run",
            "categoria": "Running",
            "prezzo": 99.99,
            "taglie_disponibili": ["38", "39", "40", "41", "42", "43", "44", "45"],
            "colori_disponibili": ["Nero", "Bianco", "Blu", "Rosso", "Verde"],
            "descrizione": "Le Nike Renew Run sono scarpe da corsa ammortizzate e leggere, ideali per corridori di tutti i livelli.",
            "immagine": "link_all'immagine.jpg"
          },
          {
            "id": 19,
            "nome": "Nike Air Max Sequent 4",
            "categoria": "Sneakers",
            "prezzo": 119.99,
            "taglie_disponibili": ["38", "39", "40", "41", "42", "43", "44", "45"],
            "colori_disponibili": ["Nero", "Bianco", "Blu", "Rosso", "Grigio"],
            "descrizione": "Le Nike Air Max Sequent 4 sono scarpe da corsa comode e versatili, ideali per l'uso quotidiano o l'allenamento leggero.",
            "immagine": "link_all'immagine.jpg"
          },
          {
            "id": 20,
            "nome": "Nike Air Max 2090",
            "categoria": "Sneakers",
            "prezzo": 149.99,
            "taglie_disponibili": ["38", "39", "40", "41", "42", "43", "44", "45"],
            "colori_disponibili": ["Nero", "Bianco", "Blu", "Rosso", "Grigio"],
            "descrizione": "Le Nike Air Max 2090 sono ispirate all'iconica Air Max 90, con un design futuristico e un'ammortizzazione avanzata.",
            "immagine": "link_all'immagine.jpg"
          },
          
          {
            "id": 21,
            "nome": "Nike Joyride Run Flyknit",
            "categoria": "Running",
            "prezzo": 159.99,
            "taglie_disponibili": ["38", "39", "40", "41", "42", "43", "44", "45"],
            "colori_disponibili": ["Nero", "Bianco", "Blu", "Rosso", "Grigio"],
            "descrizione": "Le Nike Joyride Run Flyknit offrono un'esperienza di corsa rivoluzionaria grazie alla tecnologia di ammortizzazione a microsfere.",
            "immagine": "link_all'immagine.jpg"
          },
          {
            "id": 22,
            "nome": "Nike Air Max Tailwind IV",
            "categoria": "Sneakers",
            "prezzo": 129.99,
            "taglie_disponibili": ["38", "39", "40", "41", "42", "43", "44", "45"],
            "colori_disponibili": ["Nero", "Bianco", "Blu", "Rosso", "Grigio"],
            "descrizione": "Le Nike Air Max Tailwind IV sono scarpe da running retrò con un'ammortizzazione Air Max e uno stile distintivo.",
            "immagine": "link_all'immagine.jpg"
          },
          {
            "id": 23,
            "nome": "Nike Air Zoom Structure 23",
            "categoria": "Running",
            "prezzo": 129.99,
            "taglie_disponibili": ["38", "39", "40", "41", "42", "43", "44", "45"],
            "colori_disponibili": ["Nero", "Bianco", "Blu", "Rosso", "Grigio"],
            "descrizione": "Le Nike Air Zoom Structure 23 offrono supporto e stabilità per i runner, con un'ammortizzazione reattiva e una tomaia traspirante.",
            "immagine": "link_all'immagine.jpg"
          },
          {
            "id": 24,
            "nome": "Nike Air Max 270 React",
            "categoria": "Sneakers",
            "prezzo": 159.99,
            "taglie_disponibili": ["38", "39", "40", "41", "42", "43", "44", "45"],
            "colori_disponibili": ["Nero", "Bianco", "Blu", "Rosso", "Grigio"],
            "descrizione": "Le Nike Air Max 270 React uniscono il comfort dell'unità Air Max con la reattività della tecnologia React.",
            "immagine": "link_all'immagine.jpg"
          },
          {
            "id": 25,
            "nome": "Nike Air Zoom Wildhorse 7",
            "categoria": "Trail Running",
            "prezzo": 139.99,
            "taglie_disponibili": ["38", "39", "40", "41", "42", "43", "44", "45"],
            "colori_disponibili": ["Nero", "Bianco", "Blu", "Rosso", "Grigio"],
            "descrizione": "Le Nike Air Zoom Wildhorse 7 sono scarpe da trail running progettate per la massima trazione e stabilità su terreni accidentati.",
            "immagine": "link_all'immagine.jpg"
          },
          {
            "id": 26,
            "nome": "Nike React Infinity Run Flyknit 2",
            "categoria": "Running",
            "prezzo": 169.99,
            "taglie_disponibili": ["38", "39", "40", "41", "42", "43", "44", "45"],
            "colori_disponibili": ["Nero", "Bianco", "Blu", "Rosso", "Grigio"],
            "descrizione": "Le Nike React Infinity Run Flyknit 2 sono scarpe da corsa con una tomaia in Flyknit e un'ammortizzazione reattiva per una corsa fluida.",
            "immagine": "link_all'immagine.jpg"
          },
          {
            "id": 27,
            "nome": "Nike Air Zoom SuperRep",
            "categoria": "Training",
            "prezzo": 129.99,
            "taglie_disponibili": ["38", "39", "40", "41", "42", "43", "44", "45"],
            "colori_disponibili": ["Nero", "Bianco", "Blu", "Rosso", "Grigio"],
            "descrizione": "Le Nike Air Zoom SuperRep sono scarpe da training con un'ammortizzazione reattiva e una suola stabile per gli esercizi in palestra.",
            "immagine": "link_all'immagine.jpg"
          },
          {
            "id": 28,
            "nome": "Nike Air Zoom Freak 2",
            "categoria": "Basket",
            "prezzo": 119.99,
            "taglie_disponibili": ["38", "39", "40", "41", "42", "43", "44", "45"],
            "colori_disponibili": ["Nero", "Bianco", "Blu", "Rosso", "Grigio"],
            "descrizione": "Le Nike Air Zoom Freak 2 sono scarpe da basket con un'ammortizzazione reattiva e un design ispirato a Giannis Antetokounmpo.",
            "immagine": "link_all'immagine.jpg"
          },
          {
            "id": 29,
            "nome": "Nike Metcon 7",
            "categoria": "Training",
            "prezzo": 139.99,
            "taglie_disponibili": ["38", "39", "40", "41", "42", "43", "44", "45"],
            "colori_disponibili": ["Nero", "Bianco", "Blu", "Rosso", "Grigio"],
            "descrizione": "Le Nike Metcon 7 sono scarpe da training progettate per la stabilità e la resistenza, ideali per gli allenamenti più intensi.",
            "immagine": "link_all'immagine.jpg"
          },
          {
            "id": 30,
            "nome": "Nike React Element 55",
            "categoria": "Sneakers",
            "prezzo": 119.99,
            "taglie_disponibili": ["38", "39", "40", "41", "42", "43", "44", "45"],
            "colori_disponibili": ["Nero", "Bianco", "Blu", "Rosso", "Grigio"],
            "descrizione": "Le Nike React Element 55 sono sneakers confortevoli e leggere, ideali per lo stile quotidiano.",
            "immagine": "link_all'immagine.jpg"
          },
          {
            "id": 31,
            "nome": "Nike Air Max 95",
            "categoria": "Sneakers",
            "prezzo": 159.99,
            "taglie_disponibili": ["38", "39", "40", "41", "42", "43", "44", "45"],
            "colori_disponibili": ["Nero", "Bianco", "Blu", "Rosso", "Grigio"],
            "descrizione": "Le Nike Air Max 95 sono scarpe iconiche con un design distintivo e un'ammortizzazione Air Max visibile.",
            "immagine": "link_all'immagine.jpg"
          },
          {
            "id": 32,
            "nome": "Nike Air Zoom Winflo 8",
            "categoria": "Running",
            "prezzo": 109.99,
            "taglie_disponibili": ["38", "39", "40", "41", "42", "43", "44", "45"],
            "colori_disponibili": ["Nero", "Bianco", "Blu", "Rosso", "Grigio"],
            "descrizione": "Le Nike Air Zoom Winflo 8 sono scarpe da corsa leggere e reattive, ideali per allenamenti e gare su strada.",
            "immagine": "link_all'immagine.jpg"
          },
          {
            "id": 33,
            "nome": "Nike Air Force 1 React",
            "categoria": "Sneakers",
            "prezzo": 119.99,
            "taglie_disponibili": ["38", "39", "40", "41", "42", "43", "44", "45"],
            "colori_disponibili": ["Nero", "Bianco", "Blu", "Rosso", "Grigio"],
            "descrizione": "Le Nike Air Force 1 React uniscono il classico stile delle Air Force 1 con la reattività della tecnologia React.",
            "immagine": "link_all'immagine.jpg"
          },
          {
            "id": 34,
            "nome": "Nike Air Max Bella TR 4",
            "categoria": "Training",
            "prezzo": 89.99,
            "taglie_disponibili": ["38", "39", "40", "41", "42", "43", "44", "45"],
            "colori_disponibili": ["Nero", "Bianco", "Blu", "Rosso", "Grigio"],
            "descrizione": "Le Nike Air Max Bella TR 4 sono scarpe da training leggere e flessibili, ideali per gli allenamenti in palestra o all'aperto.",
            "immagine": "link_all'immagine.jpg"
          },
          
          
          {
            "id": 35,
            "nome": "Nike Air Max Plus",
            "categoria": "Sneakers",
            "prezzo": 169.99,
            "taglie_disponibili": ["38", "39", "40", "41", "42", "43", "44", "45"],
            "colori_disponibili": ["Nero", "Bianco", "Blu", "Rosso", "Grigio"],
            "descrizione": "Le Nike Air Max Plus sono sneakers iconiche con un design audace e un'ammortizzazione Max Air per il massimo comfort.",
            "immagine": "link_all'immagine.jpg"
          },

          {
            "id": 36,
            "nome": "Nike Air Zoom Tempo Next%",
            "categoria": "Running",
            "prezzo": 199.99,
            "taglie_disponibili": ["38", "39", "40", "41", "42", "43", "44", "45"],
            "colori_disponibili": ["Nero", "Bianco", "Blu", "Rosso", "Grigio"],
            "descrizione": "Le Nike Air Zoom Tempo Next% sono scarpe da corsa ad alte prestazioni con tecnologia ZoomX per la massima reattività.",
            "immagine": "link_all'immagine.jpg"
        },
        {
            "id": 37,
            "nome": "Nike Air Force 1 Low",
            "categoria": "Sneakers",
            "prezzo": 109.99,
            "taglie_disponibili": ["38", "39", "40", "41", "42", "43", "44", "45"],
            "colori_disponibili": ["Nero", "Bianco", "Blu", "Rosso", "Grigio"],
            "descrizione": "Le Nike Air Force 1 Low sono un classico intramontabile, ideali per un look casual e confortevole.",
            "immagine": "link_all'immagine.jpg"
        },
        {
            "id": 38,
            "nome": "Nike Air Zoom Alphafly NEXT%",
            "categoria": "Running",
            "prezzo": 249.99,
            "taglie_disponibili": ["38", "39", "40", "41", "42", "43", "44", "45"],
            "colori_disponibili": ["Nero", "Bianco", "Blu", "Rosso", "Grigio"],
            "descrizione": "Le Nike Air Zoom Alphafly NEXT% sono le scarpe da maratona più avanzate mai realizzate, progettate per la massima prestazione.",
            "immagine": "link_all'immagine.jpg"
        },
        {
            "id": 39,
            "nome": "Nike Air Max 1",
            "categoria": "Sneakers",
            "prezzo": 129.99,
            "taglie_disponibili": ["38", "39", "40", "41", "42", "43", "44", "45"],
            "colori_disponibili": ["Nero", "Bianco", "Blu", "Rosso", "Grigio"],
            "descrizione": "Le Nike Air Max 1 sono le iconiche scarpe da corsa che hanno rivoluzionato il mondo delle sneaker, con un design unico e confortevole.",
            "immagine": "link_all'immagine.jpg"
        },
        {
            "id": 40,
            "nome": "Nike Air Max Plus 2",
            "categoria": "Sneakers",
            "prezzo": 179.99,
            "taglie_disponibili": ["38", "39", "40", "41", "42", "43", "44", "45"],
            "colori_disponibili": ["Nero", "Bianco", "Blu", "Rosso", "Grigio"],
            "descrizione": "Le Nike Air Max Plus 2 sono il rinnovamento delle iconiche Air Max Plus, con un'ammortizzazione Max Air e uno stile unico.",
            "immagine": "link_all'immagine.jpg"
        },
        {
          "id": 41,
          "nome": "Nike Air Max 720",
          "categoria": "Sneakers",
          "prezzo": 169.99,
          "taglie_disponibili": ["38", "39", "40", "41", "42", "43", "44", "45"],
          "colori_disponibili": ["Nero", "Bianco", "Blu", "Rosso", "Grigio"],
          "descrizione": "Le Nike Air Max 720 offrono un'ammortizzazione Air Max a tutta lunghezza, per un comfort e uno stile senza precedenti.",
          "immagine": "link_all'immagine.jpg"
      },
      {
          "id": 42,
          "nome": "Nike Air Zoom Victory",
          "categoria": "Running",
          "prezzo": 179.99,
          "taglie_disponibili": ["38", "39", "40", "41", "42", "43", "44", "45"],
          "colori_disponibili": ["Nero", "Bianco", "Blu", "Rosso", "Grigio"],
          "descrizione": "Le Nike Air Zoom Victory sono scarpe da corsa progettate per la velocità e il comfort, ideali per le gare su strada.",
          "immagine": "link_all'immagine.jpg"
      },
      {
          "id": 43,
          "nome": "Nike Air Force 1 High",
          "categoria": "Sneakers",
          "prezzo": 129.99,
          "taglie_disponibili": ["38", "39", "40", "41", "42", "43", "44", "45"],
          "colori_disponibili": ["Nero", "Bianco", "Blu", "Rosso", "Grigio"],
          "descrizione": "Le Nike Air Force 1 High sono un'icona dello stile urbano, con un'ammortizzazione Air-Sole per il massimo comfort.",
          "immagine": "link_all'immagine.jpg"
      },
      {
          "id": 44,
          "nome": "Nike Free RN 5.0",
          "categoria": "Running",
          "prezzo": 99.99,
          "taglie_disponibili": ["38", "39", "40", "41", "42", "43", "44", "45"],
          "colori_disponibili": ["Nero", "Bianco", "Blu", "Rosso", "Grigio"],
          "descrizione": "Le Nike Free RN 5.0 sono scarpe da corsa leggere e flessibili, ideali per allenamenti e percorsi naturali.",
          "immagine": "link_all'immagine.jpg"
      },
      {
          "id": 45,
          "nome": "Nike Air Max Sequent 3",
          "categoria": "Sneakers",
          "prezzo": 129.99,
          "taglie_disponibili": ["38", "39", "40", "41", "42", "43", "44", "45"],
          "colori_disponibili": ["Nero", "Bianco", "Blu", "Rosso", "Grigio"],
          "descrizione": "Le Nike Air Max Sequent 3 sono scarpe da corsa comode e versatili, con un'ammortizzazione reattiva per prestazioni ottimali.",
          "immagine": "link_all'immagine.jpg"
      },
      {
          "id": 46,
          "nome": "Nike Air Zoom Freak 1",
          "categoria": "Basket",
          "prezzo": 119.99,
          "taglie_disponibili": ["38", "39", "40", "41", "42", "43", "44", "45"],
          "colori_disponibili": ["Nero", "Bianco", "Blu", "Rosso", "Grigio"],
          "descrizione": "Le Nike Air Zoom Freak 1 sono scarpe da basket con un'ammortizzazione reattiva e un supporto ottimale, per massima performance in campo.",
          "immagine": "link_all'immagine.jpg"
      },
      {
          "id": 47,
          "nome": "Nike Air Max 98",
          "categoria": "Sneakers",
          "prezzo": 179.99,
          "taglie_disponibili": ["38", "39", "40", "41", "42", "43", "44", "45"],
          "colori_disponibili": ["Nero", "Bianco", "Blu", "Rosso", "Grigio"],
          "descrizione": "Le Nike Air Max 98 sono scarpe da corsa con un design audace e un'ammortizzazione Air Max a tutta lunghezza.",
          "immagine": "link_all'immagine.jpg"
      },
      {
          "id": 48,
          "nome": "Nike Zoom Freak 2",
          "categoria": "Basket",
          "prezzo": 129.99,
          "taglie_disponibili": ["38", "39", "40", "41", "42", "43", "44", "45"],
          "colori_disponibili": ["Nero", "Bianco", "Blu", "Rosso", "Grigio"],
          "descrizione": "Le Nike Zoom Freak 2 sono scarpe da basket con un'ammortizzazione reattiva e un design ispirato alla potenza di Giannis Antetokounmpo.",
          "immagine": "link_all'immagine.jpg"
      },
      {
          "id": 49,
          "nome": "Nike Air Max Axis",
          "categoria": "Sneakers",
          "prezzo": 99.99,
          "taglie_disponibili": ["38", "39", "40", "41", "42", "43", "44", "45"],
          "colori_disponibili": ["Nero", "Bianco", "Blu", "Rosso", "Grigio"],
          "descrizione": "Le Nike Air Max Axis sono scarpe da corsa ispirate al design degli anni '90, con un'ammortizzazione Air Max e uno stile retrò.",
          "immagine": "link_all'immagine.jpg"
      },
      {
          "id": 50,
          "nome": "Nike Zoom Pegasus Turbo 2",
          "categoria": "Running",
          "prezzo": 179.99,
          "taglie_disponibili": ["38", "39", "40", "41", "42", "43", "44", "45"],
          "colori_disponibili": ["Nero", "Bianco", "Blu", "Rosso", "Grigio"],
          "descrizione": "Le Nike Zoom Pegasus Turbo 2 sono scarpe da corsa leggere e veloci, con una schiuma ZoomX per un'ammortizzazione reattiva.",
          "immagine": "link_all'immagine.jpg"
      }
      

    ]
} 